MovieID,Year_of_release
1,2003
2,2004
3,1997
4,1994
5,2004
6,1997
7,1992
8,2004
9,1991
10,2001
11,1999
12,1947
13,2003
14,1982
15,1988
16,1996
17,2005
18,1994
19,2000
20,1972
21,2002
22,2000
23,2001
24,1981
25,1997
26,2004
27,1962
28,2002
29,2001
30,2003
31,1999
32,2004
33,2000
34,2003
35,2000
36,1992
37,1973
38,2003
39,2000
40,2004
41,2000
42,2002
43,2000
44,1996
45,1999
46,1964
47,1952
48,2001
49,2003
50,1941
51,2002
52,2002
53,2003
54,1952
55,1995
56,2004
57,1995
58,1996
59,2003
60,1969
61,1999
62,1991
63,1943
64,2001
65,2000
66,1989
67,1997
68,2004
69,2003
70,1999
71,1995
72,1974
73,1954
74,1999
75,1997
76,1952
77,1995
78,1996
79,1956
80,1979
81,1991
82,1951
83,1983
84,2002
85,2005
86,1996
87,2002
88,1998
89,2000
90,1951
91,2005
92,2002
93,2004
94,2000
95,1985
96,2000
97,2002
98,1965
99,1989
100,1993
101,1997
102,2004
103,1976
104,1965
105,2002
106,2004
107,2000
108,2004
109,1996
110,1989
111,2003
112,1993
113,2000
114,1989
115,1973
116,2004
117,1957
118,1985
119,1999
120,2004
121,2003
122,2002
123,2000
124,2000
125,1981
126,2003
127,1987
128,1985
129,2003
130,1999
131,2002
132,1981
133,2003
134,1996
135,1998
136,1927
137,1998
138,1995
139,2001
140,1993
141,2004
142,2000
143,1997
144,2000
145,1978
146,1988
147,1992
148,2001
149,2005
150,2001
151,2005
152,1995
153,2002
154,2000
155,1975
156,1992
157,2004
158,2004
159,1971
160,2000
161,1939
162,1968
163,2002
164,2003
165,1982
166,1980
167,2004
168,1983
169,2004
170,1972
171,1957
172,2003
173,1968
174,1968
175,1992
176,2004
177,2002
178,1996
179,2003
180,2002
181,2004
182,2001
183,2005
184,2004
185,1985
186,1950
187,2002
188,2005
189,1982
190,1989
191,2003
192,2003
193,2005
194,1996
195,2004
196,1992
197,2004
198,1997
199,1978
200,1964
201,2001
202,2001
203,1997
204,2002
205,2004
206,2004
207,2001
208,1947
209,1996
210,2001
211,2004
212,1982
213,2001
214,2002
215,1998
216,2000
217,1988
218,1983
219,1995
220,1983
221,2005
222,1998
223,2003
224,1999
225,2004
226,1996
227,2001
228,1979
229,2003
230,1987
231,2002
232,1989
233,1971
234,1921
235,1996
236,1998
237,1918
238,1976
239,2004
240,1942
241,1959
242,1995
243,1962
244,2004
245,2002
246,1968
247,1994
248,2001
249,1958
250,1966
251,2000
252,2002
253,1935
254,2003
255,2001
256,2000
257,1973
258,1999
259,2004
260,1967
261,1948
262,1974
263,2001
264,2002
265,2002
266,2000
267,1994
268,1980
269,1989
270,2001
271,1943
272,1973
273,2004
274,2002
275,2002
276,1998
277,2003
278,1990
279,1984
280,1998
281,1993
282,2003
283,1996
284,2005
285,1997
286,1966
287,1994
288,2004
289,1998
290,2004
291,2000
292,2005
293,2003
294,2002
295,1995
296,2000
297,2003
298,2002
299,2001
300,1997
301,2003
302,2001
303,1959
304,1997
305,1996
306,2005
307,2002
308,1974
309,1975
310,2000
311,1994
312,2000
313,2000
314,1985
315,1964
316,1999
317,1997
318,1994
319,1987
320,1997
321,2004
322,1974
323,1999
324,1994
325,2004
326,1937
327,1997
328,2002
329,1999
330,1998
331,1997
332,2002
333,2003
334,2005
335,1981
336,1978
337,1983
338,1942
339,1968
340,1998
341,2004
342,2001
343,2000
344,1967
345,1998
346,2005
347,1989
348,1988
349,1978
350,1993
351,1969
352,1997
353,2002
354,1981
355,1973
356,2005
357,2003
358,1979
359,2003
360,1999
361,2004
362,2000
363,2002
364,2004
365,1989
366,2004
367,2003
368,1986
369,2000
370,1918
371,1966
372,1998
373,2000
374,1976
375,2003
376,2001
377,1979
378,2003
379,1996
380,1992
381,1991
382,2004
383,2001
384,1986
385,2002
386,1994
387,1984
388,1990
389,2002
390,1981
391,1967
392,1993
393,1998
394,1916
395,1935
396,2001
397,1946
398,1976
399,2001
400,1970
401,1989
402,1999
403,2000
404,2001
405,1987
406,2005
407,1972
408,1990
409,1966
410,1998
411,1999
412,1999
413,2002
414,1999
415,2002
416,2003
417,1986
418,2004
419,2005
420,1999
421,2003
422,1964
423,1963
424,1998
425,2000
426,2001
427,1990
428,2004
429,1997
430,2002
431,2002
432,1996
433,1993
434,2004
435,1996
436,1985
437,2005
438,1997
439,1961
440,2003
441,1968
442,1988
443,2002
444,2001
445,1996
446,1995
447,1986
448,2001
449,2003
450,2000
451,1993
452,2002
453,1992
454,1995
455,1999
456,1996
457,2004
458,2001
459,1996
460,1971
461,2000
462,2005
463,1962
464,1987
465,1995
466,1990
467,1941
468,2003
469,1998
470,2001
471,1931
472,1998
473,1997
474,1998
475,1993
476,2004
477,1990
478,1962
479,1988
480,1997
481,2002
482,2002
483,2001
484,1992
485,1967
486,1959
487,1968
488,2001
489,1998
490,1999
491,1966
492,1984
493,1972
494,1983
495,2000
496,2004
497,2003
498,1989
499,2000
500,2002
501,1975
502,2003
503,2005
504,1964
505,1997
506,1976
507,1966
508,1979
509,2004
510,2004
511,2002
512,2000
513,1995
514,2000
515,2005
516,2001
517,2001
518,1969
519,1979
520,2004
521,1927
522,1999
523,1969
524,1999
525,1999
526,1994
527,1985
528,2005
529,1998
530,1987
531,1996
532,1988
533,1991
534,2000
535,1960
536,2001
537,1991
538,2003
539,1987
540,2003
541,1998
542,1997
543,1999
544,1987
545,2002
546,2005
547,1992
548,1991
549,1955
550,1995
551,1994
552,1994
553,1995
554,1972
555,1996
556,1999
557,1991
558,1994
559,1940
560,2003
561,1963
562,2002
563,2001
564,1990
565,2002
566,1996
567,2003
568,1999
569,1979
570,2000
571,1999
572,1962
573,1983
574,1960
575,1994
576,2000
577,1961
578,1963
579,1973
580,1971
581,1993
582,1986
583,1959
584,1998
585,1995
586,1995
587,1983
588,1990
589,2000
590,2001
591,2003
592,1974
593,2000
594,2002
595,2001
596,1999
597,1977
598,1973
599,1989
600,1966
601,1992
602,2000
603,1997
604,2005
605,2000
606,1968
607,1994
608,1970
609,2002
610,1999
611,2004
612,1946
613,1965
614,1993
615,1999
616,1983
617,2004
618,1994
619,1980
620,2003
621,1997
622,1991
623,1986
624,2004
625,1999
626,1941
627,1971
628,2003
629,1984
630,1977
631,2005
632,1972
633,1993
634,1989
635,1971
636,1980
637,2001
638,1985
639,2002
640,1992
641,1968
642,1990
643,2002
644,1994
645,2004
646,1987
647,1960
648,2003
649,1999
650,2002
651,1997
652,1996
653,2000
654,1975
655,1965
656,2004
657,1996
658,1991
659,1972
660,2000
661,2002
662,1995
663,1999
664,1997
665,1976
666,2000
667,1965
668,2004
669,1986
670,2002
671,1989
672,1991
673,1999
674,1988
675,2004
676,1998
677,2001
678,1965
679,1990
680,2000
681,1986
682,1998
683,1951
684,1995
685,1999
686,2000
687,2003
688,2003
689,1998
690,2004
691,1999
692,1992
693,1996
694,2000
695,2004
696,1996
697,2000
698,1997
699,2004
700,1997
701,2002
702,1996
703,2004
704,1998
705,1989
706,1991
707,2003
708,2000
709,1998
710,1993
711,1994
712,1998
713,1987
714,1988
715,1950
716,1958
717,2004
718,2003
719,1997
720,1989
721,1994
722,2003
723,1991
724,1992
725,2004
726,1990
727,1959
728,1977
729,2000
730,1988
731,1997
732,2005
733,1988
734,1992
735,2003
736,2002
737,2004
738,1999
739,2001
740,1988
741,1988
742,2002
743,1994
744,1998
745,1979
746,2001
747,1996
748,2002
749,1990
750,2004
751,1998
752,1993
753,1964
754,1984
755,1989
756,2000
757,1984
758,2004
759,2001
760,2005
761,2000
762,2004
763,1972
764,1983
765,1994
766,1959
767,2001
768,1995
769,1958
770,1996
771,1999
772,1998
773,2001
774,2003
775,1999
776,1953
777,1944
778,2003
779,2000
780,2003
781,2004
782,1998
783,2001
784,1995
785,1981
786,1966
787,1972
788,1994
789,1991
790,2000
791,2000
792,2004
793,2004
794,1992
795,1997
796,1976
797,1959
798,1975
799,2003
800,1971
801,2001
802,1928
803,2001
804,1944
805,1968
806,1960
807,1959
808,1998
809,2002
810,1958
811,1992
812,2001
813,2000
814,2000
815,1959
816,2001
817,1980
818,1976
819,1998
820,2005
821,1972
822,2001
823,1988
824,1977
825,1983
826,1998
827,1994
828,1991
829,1995
830,1994
831,1987
832,2003
833,1996
834,1999
835,1994
836,1991
837,1972
838,2003
839,1945
840,1941
841,1994
842,1942
843,1999
844,2001
845,2004
846,2004
847,2001
848,1994
849,1990
850,2002
851,1990
852,1989
853,1993
854,1984
855,2001
856,2000
857,1963
858,2002
859,1982
860,2001
861,2003
862,2002
863,1990
864,2001
865,2005
866,1975
867,2003
868,1996
869,1998
870,2005
871,1984
872,1954
873,2003
874,2004
875,1998
876,2001
877,1999
878,2000
879,1976
880,1994
881,1999
882,1996
883,1992
884,1991
885,2003
886,2004
887,2005
888,2001
889,2004
890,1999
891,2003
892,1965
893,2003
894,1999
895,1975
896,1995
897,2004
898,2000
899,2003
900,1994
901,1950
902,2004
903,2000
904,2004
905,2005
906,1969
907,1930
908,1981
909,1990
910,1940
911,1939
912,2002
913,1979
914,1996
915,2001
916,1994
917,2003
918,1964
919,2002
920,1968
921,1952
922,2004
923,2004
924,1981
925,1936
926,2002
927,1991
928,1997
929,2002
930,1987
931,1998
932,1992
933,2005
934,1954
935,2003
936,1990
937,1998
938,2002
939,2003
940,1997
941,1998
942,1994
943,2004
944,1975
945,1952
946,2002
947,1965
948,2002
949,1997
950,1998
951,2001
952,1940
953,1966
954,2003
955,1997
956,1994
957,1966
958,2003
959,2002
960,1960
961,1957
962,2002
963,1951
964,2001
965,1985
966,1996
967,2004
968,1993
969,1995
970,2004
971,2002
972,2003
973,1994
974,1941
975,1997
976,2003
977,2000
978,2000
979,1990
980,1994
981,1989
982,2001
983,1997
984,1958
985,1999
986,2002
987,1978
988,1951
989,2004
990,1941
991,1997
992,1972
993,1994
994,1984
995,2004
996,1961
997,1963
998,2002
999,1994
1000,2002
1001,2001
1002,2001
1003,2001
1004,2003
1005,2003
1006,1996
1007,1996
1008,1996
1009,1997
1010,2004
1011,1983
1012,1960
1013,2005
1014,1993
1015,1996
1016,1976
1017,1955
1018,1960
1019,2001
1020,1989
1021,1984
1022,1993
1023,1997
1024,1976
1025,2004
1026,1985
1027,1993
1028,2003
1029,1995
1030,1974
1031,1999
1032,1992
1033,1999
1034,2000
1035,1994
1036,1999
1037,1978
1038,2000
1039,1997
1040,2004
1041,2000
1042,1996
1043,1987
1044,1968
1045,1988
1046,2003
1047,2000
1048,1997
1049,1991
1050,1982
1051,1994
1052,1952
1053,1997
1054,1986
1055,1977
1056,1962
1057,1989
1058,1972
1059,2000
1060,2005
1061,2004
1062,1974
1063,1995
1064,1983
1065,2001
1066,1978
1067,1956
1068,1998
1069,2003
1070,2000
1071,1995
1072,2000
1073,2005
1074,1946
1075,2001
1076,2004
1077,1945
1078,2000
1079,1991
1080,2002
1081,2002
1082,1997
1083,1962
1084,2001
1085,2003
1086,1938
1087,1994
1088,1980
1089,2000
1090,1997
1091,1980
1092,1996
1093,1980
1094,2002
1095,2004
1096,1989
1097,2005
1098,1965
1099,1983
1100,2000
1101,1976
1102,2001
1103,1997
1104,1983
1105,1993
1106,1998
1107,2004
1108,2000
1109,1964
1110,2003
1111,1972
1112,1957
1113,1998
1114,1929
1115,1991
1116,1984
1117,1991
1118,1980
1119,2005
1120,1982
1121,2001
1122,1980
1123,1993
1124,1932
1125,2001
1126,2003
1127,1973
1128,1971
1129,1935
1130,1991
1131,1965
1132,1994
1133,2003
1134,2005
1135,1996
1136,1993
1137,2004
1138,2003
1139,2003
1140,1996
1141,2004
1142,1981
1143,1943
1144,1991
1145,2001
1146,1983
1147,1983
1148,1981
1149,2001
1150,2000
1151,2001
1152,1999
1153,1943
1154,1971
1155,1980
1156,2004
1157,1997
1158,2004
1159,1961
1160,1999
1161,2000
1162,2003
1163,1984
1164,1980
1165,1999
1166,1950
1167,1999
1168,2004
1169,1997
1170,1997
1171,2001
1172,1998
1173,1999
1174,1993
1175,1984
1176,2001
1177,2004
1178,1932
1179,1997
1180,2001
1181,2003
1182,1978
1183,1980
1184,2004
1185,1998
1186,1939
1187,1971
1188,2002
1189,1986
1190,1996
1191,1997
1192,2004
1193,1998
1194,1997
1195,1988
1196,2004
1197,1999
1198,1971
1199,1975
1200,1999
1201,1991
1202,1983
1203,1963
1204,1990
1205,1994
1206,2005
1207,1962
1208,1963
1209,1976
1210,1981
1211,2004
1212,1988
1213,1999
1214,1972
1215,1987
1216,1993
1217,2001
1218,1972
1219,2003
1220,2004
1221,1980
1222,1979
1223,1999
1224,1947
1225,2000
1226,1971
1227,2005
1228,2004
1229,1994
1230,2005
1231,1999
1232,1927
1233,2002
1234,1994
1235,1998
1236,2002
1237,1999
1238,1984
1239,1973
1240,1950
1241,1945
1242,2005
1243,1998
1244,2002
1245,1994
1246,1994
1247,2005
1248,2002
1249,1978
1250,1996
1251,2002
1252,1975
1253,1949
1254,1957
1255,1985
1256,1994
1257,2003
1258,1942
1259,2002
1260,1999
1261,2005
1262,1982
1263,1979
1264,2000
1265,1971
1266,2003
1267,2001
1268,2005
1269,1991
1270,2000
1271,1939
1272,1953
1273,1999
1274,1984
1275,2004
1276,1978
1277,1988
1278,1990
1279,1969
1280,1989
1281,1986
1282,2002
1283,2001
1284,2000
1285,2001
1286,1997
1287,1977
1288,2004
1289,1990
1290,2000
1291,1960
1292,2002
1293,1996
1294,2004
1295,1983
1296,1994
1297,1999
1298,2000
1299,1972
1300,1973
1301,2000
1302,1983
1303,2001
1304,2003
1305,2003
1306,2005
1307,2003
1308,1959
1309,1982
1310,2002
1311,2005
1312,1990
1313,2004
1314,1990
1315,2001
1316,2003
1317,1961
1318,1985
1319,1986
1320,1965
1321,2005
1322,2001
1323,1997
1324,1994
1325,2000
1326,2000
1327,1937
1328,2004
1329,1998
1330,2004
1331,1993
1332,1954
1333,1980
1334,1999
1335,2002
1336,1994
1337,2004
1338,1964
1339,1982
1340,1993
1341,2004
1342,2003
1343,1999
1344,2003
1345,1996
1346,1967
1347,2000
1348,2000
1349,2003
1350,2000
1351,2002
1352,2003
1353,1958
1354,1968
1355,2004
1356,1980
1357,2003
1358,2002
1359,1975
1360,2003
1361,2002
1362,2003
1363,1993
1364,2003
1365,1998
1366,2001
1367,1993
1368,2002
1369,1996
1370,1976
1371,1994
1372,2002
1373,1993
1374,2004
1375,2002
1376,2004
1377,1958
1378,2003
1379,2003
1380,1991
1381,1995
1382,2005
1383,1998
1384,1973
1385,1972
1386,2002
1387,1999
1388,1983
1389,2003
1390,2005
1391,1993
1392,2002
1393,1998
1394,1999
1395,1963
1396,2004
1397,2004
1398,1999
1399,1984
1400,2000
1401,1992
1402,1993
1403,2000
1404,1985
1405,1961
1406,1991
1407,1921
1408,1999
1409,2003
1410,1974
1411,2001
1412,2001
1413,1998
1414,2003
1415,1933
1416,2003
1417,2002
1418,2002
1419,1975
1420,2000
1421,1981
1422,2005
1423,1999
1424,2000
1425,1987
1426,1994
1427,1998
1428,2003
1429,2004
1430,2001
1431,1998
1432,1999
1433,1942
1434,1992
1435,2001
1436,1939
1437,1982
1438,1999
1439,2002
1440,2004
1441,1998
1442,2001
1443,1987
1444,2001
1445,2005
1446,1997
1447,2000
1448,1999
1449,1996
1450,1993
1451,1976
1452,2001
1453,1996
1454,2004
1455,2003
1456,1995
1457,1973
1458,1936
1459,2001
1460,1996
1461,2002
1462,2004
1463,1982
1464,2001
1465,2001
1466,1969
1467,1993
1468,1968
1469,2000
1470,2002
1471,2004
1472,2004
1473,2004
1474,2003
1475,1990
1476,2004
1477,1969
1478,2002
1479,2002
1480,1988
1481,2001
1482,2003
1483,2003
1484,1958
1485,2002
1486,2004
1487,2003
1488,1999
1489,2002
1490,2001
1491,2004
1492,1984
1493,1980
1494,2000
1495,2001
1496,2002
1497,2003
1498,2001
1499,2000
1500,1987
1501,1980
1502,1999
1503,1997
1504,2001
1505,1964
1506,2004
1507,1999
1508,2000
1509,2002
1510,2002
1511,2000
1512,2003
1513,1962
1514,1987
1515,2001
1516,2000
1517,1999
1518,1995
1519,1981
1520,2003
1521,1955
1522,1968
1523,1981
1524,1985
1525,2001
1526,1982
1527,2003
1528,1992
1529,2003
1530,2002
1531,1996
1532,1992
1533,1993
1534,2005
1535,2005
1536,1988
1537,2002
1538,1999
1539,2002
1540,1975
1541,2000
1542,1993
1543,1995
1544,1976
1545,1998
1546,2003
1547,1939
1548,1998
1549,1997
1550,2004
1551,2004
1552,1983
1553,1995
1554,1979
1555,1953
1556,1932
1557,2002
1558,1990
1559,1998
1560,2004
1561,2003
1562,2005
1563,1992
1564,1966
1565,2004
1566,1996
1567,1981
1568,2003
1569,2000
1570,1999
1571,1982
1572,1973
1573,1999
1574,1965
1575,2003
1576,2004
1577,2005
1578,1995
1579,2004
1580,1987
1581,1997
1582,1990
1583,2004
1584,1988
1585,2001
1586,1930
1587,1962
1588,1997
1589,1988
1590,2001
1591,1988
1592,1992
1593,1985
1594,1962
1595,1949
1596,1954
1597,2001
1598,2003
1599,2000
1600,1995
1601,2004
1602,2000
1603,1980
1604,2004
1605,1997
1606,1997
1607,2004
1608,1993
1609,1984
1610,1999
1611,1984
1612,1967
1613,1973
1614,1997
1615,1995
1616,1961
1617,2004
1618,1984
1619,1985
1620,2001
1621,2000
1622,2004
1623,2003
1624,1998
1625,1986
1626,1998
1627,1940
1628,1982
1629,1997
1630,1976
1631,1970
1632,2004
1633,1988
1634,1972
1635,1997
1636,1989
1637,2002
1638,1966
1639,1996
1640,2002
1641,2002
1642,1995
1643,2003
1644,2003
1645,2003
1646,1983
1647,2002
1648,1990
1649,1978
1650,1980
1651,1977
1652,1961
1653,2005
1654,1996
1655,1988
1656,1998
1657,1995
1658,1986
1659,1993
1660,2000
1661,1976
1662,1954
1663,1999
1664,1998
1665,1998
1666,1995
1667,2000
1668,1982
1669,2003
1670,2001
1671,2000
1672,2002
1673,1991
1674,2003
1675,1996
1676,2000
1677,1963
1678,1989
1679,2000
1680,2003
1681,2003
1682,1997
1683,1994
1684,2003
1685,1996
1686,1998
1687,2003
1688,1993
1689,2003
1690,2000
1691,2002
1692,1989
1693,1998
1694,1999
1695,1985
1696,1999
1697,2002
1698,1999
1699,2004
1700,1996
1701,1995
1702,1991
1703,1998
1704,2004
1705,2004
1706,2004
1707,2004
1708,1936
1709,1981
1710,2005
1711,2002
1712,2004
1713,1988
1714,2001
1715,2005
1716,1983
1717,2002
1718,1994
1719,2004
1720,2002
1721,2002
1722,1944
1723,2000
1724,1957
1725,2003
1726,2003
1727,2004
1728,1987
1729,1999
1730,1995
1731,2003
1732,1986
1733,2001
1734,2003
1735,1974
1736,1995
1737,2002
1738,2004
1739,1952
1740,2001
1741,1999
1742,2003
1743,1979
1744,1984
1745,2001
1746,1994
1747,1969
1748,2004
1749,1947
1750,1962
1751,1998
1752,2000
1753,2004
1754,1984
1755,1989
1756,1974
1757,1978
1758,2005
1759,1990
1760,1991
1761,1991
1762,2005
1763,2000
1764,2000
1765,1996
1766,1978
1767,1925
1768,2005
1769,1988
1770,1995
1771,2004
1772,1964
1773,2001
1774,1995
1775,1985
1776,2000
1777,1992
1778,1940
1779,2005
1780,1998
1781,2004
1782,2002
1783,1982
1784,1936
1785,2002
1786,1990
1787,1996
1788,2004
1789,1994
1790,1966
1791,1999
1792,1998
1793,1992
1794,1999
1795,1978
1796,2003
1797,1958
1798,1987
1799,1990
1800,2002
1801,1965
1802,1980
1803,1997
1804,2002
1805,1994
1806,1982
1807,2002
1808,1994
1809,2001
1810,1998
1811,2000
1812,1996
1813,1986
1814,1998
1815,1979
1816,2003
1817,2004
1818,1981
1819,1998
1820,2000
1821,1970
1822,1996
1823,2003
1824,1980
1825,1930
1826,1996
1827,1999
1828,1972
1829,1978
1830,2003
1831,1999
1832,1968
1833,2003
1834,1994
1835,1999
1836,2005
1837,1987
1838,1933
1839,2001
1840,1950
1841,1996
1842,1959
1843,1994
1844,1989
1845,1995
1846,1991
1847,2001
1848,1956
1849,2002
1850,1974
1851,1958
1852,1988
1853,1974
1854,2001
1855,1992
1856,1960
1857,1973
1858,1998
1859,2003
1860,1995
1861,2001
1862,1999
1863,1978
1864,1997
1865,2004
1866,1994
1867,1999
1868,1967
1869,1996
1870,1997
1871,1982
1872,1964
1873,1999
1874,1975
1875,2002
1876,1985
1877,1995
1878,1966
1879,1979
1880,2004
1881,1993
1882,1954
1883,1960
1884,2001
1885,2002
1886,1998
1887,2001
1888,1996
1889,1980
1890,1991
1891,2002
1892,1963
1893,1977
1894,2003
1895,1969
1896,1993
1897,1998
1898,1961
1899,1990
1900,1997
1901,1978
1902,1979
1903,2002
1904,1939
1905,2003
1906,2001
1907,2002
1908,2004
1909,1943
1910,1999
1911,1999
1912,1961
1913,2000
1914,2002
1915,2000
1916,1985
1917,1985
1918,2004
1919,2005
1920,1976
1921,2001
1922,1987
1923,1986
1924,2002
1925,1980
1926,2003
1927,2002
1928,2004
1929,1978
1930,2000
1931,1981
1932,1996
1933,1998
1934,2002
1935,2004
1936,2004
1937,2002
1938,1971
1939,1979
1940,1947
1941,1998
1942,2001
1943,2004
1944,1986
1945,2001
1946,2004
1947,2002
1948,1999
1949,1971
1950,1986
1951,1990
1952,1956
1953,1999
1954,2000
1955,1999
1956,2000
1957,1977
1958,2002
1959,1961
1960,2003
1961,1939
1962,2004
1963,2000
1964,1940
1965,1998
1966,2003
1967,1964
1968,2000
1969,1954
1970,2000
1971,1995
1972,1953
1973,1978
1974,1995
1975,2000
1976,2000
1977,1996
1978,1994
1979,2005
1980,1997
1981,2000
1982,2001
1983,2001
1984,1999
1985,1993
1986,2003
1987,1983
1988,1996
1989,2000
1990,2003
1991,1998
1992,1977
1993,1994
1994,2005
1995,2000
1996,1970
1997,2004
1998,2005
1999,1989
2000,1994
2001,1992
2002,2002
2003,1974
2004,2001
2005,1995
2006,1999
2007,1998
2008,2005
2009,1999
2010,1963
2011,1997
2012,2002
2013,2002
2014,2005
2015,2002
2016,2002
2017,1991
2018,2005
2019,2004
2020,1983
2021,1922
2022,1947
2023,2000
2024,1983
2025,2000
2026,2002
2027,1957
2028,1991
2029,2002
2030,2004
2031,2001
2032,2004
2033,2004
2034,1998
2035,1971
2036,2003
2037,1985
2038,1957
2039,2003
2040,1991
2041,1998
2042,1976
2043,1953
2044,2002
2045,2003
2046,2001
2047,1981
2048,1966
2049,2001
2050,2003
2051,1984
2052,2001
2053,1998
2054,1989
2055,1994
2056,2003
2057,2001
2058,2001
2059,1966
2060,1972
2061,1999
2062,1992
2063,2001
2064,2000
2065,2001
2066,2004
2067,1987
2068,1994
2069,1997
2070,2000
2071,1998
2072,1989
2073,1975
2074,1998
2075,1982
2076,2002
2077,1999
2078,2002
2079,1987
2080,2001
2081,1997
2082,1998
2083,1955
2084,2000
2085,1980
2086,2000
2087,1998
2088,2000
2089,2001
2090,2000
2091,2002
2092,2002
2093,2000
2094,2001
2095,1997
2096,2003
2097,1993
2098,2004
2099,2005
2100,1997
2101,1993
2102,1994
2103,1999
2104,1989
2105,1977
2106,1995
2107,1981
2108,1997
2109,1982
2110,1979
2111,1968
2112,2003
2113,2000
2114,2002
2115,2003
2116,1982
2117,2004
2118,1944
2119,1998
2120,1969
2121,1951
2122,1999
2123,1984
2124,2005
2125,1954
2126,2002
2127,2000
2128,1993
2129,1960
2130,1998
2131,2002
2132,1995
2133,1997
2134,2000
2135,1997
2136,2001
2137,1997
2138,2003
2139,1986
2140,1991
2141,2001
2142,2004
2143,2000
2144,2004
2145,2004
2146,2003
2147,2002
2148,1987
2149,1998
2150,1980
2151,2001
2152,2000
2153,1993
2154,1986
2155,2003
2156,2003
2157,2004
2158,2004
2159,2004
2160,2004
2161,1993
2162,2000
2163,1999
2164,2004
2165,1940
2166,2000
2167,1996
2168,1998
2169,1977
2170,2001
2171,2003
2172,1991
2173,1998
2174,1996
2175,1996
2176,2000
2177,1996
2178,1998
2179,1982
2180,1999
2181,1988
2182,2000
2183,1974
2184,1988
2185,2002
2186,1995
2187,2001
2188,1983
2189,1981
2190,1960
2191,2002
2192,1999
2193,1960
2194,1983
2195,2004
2196,2003
2197,1999
2198,1988
2199,1991
2200,2002
2201,1998
2202,2003
2203,1980
2204,2000
2205,2004
2206,1988
2207,2003
2208,1964
2209,1981
2210,1999
2211,2002
2212,1993
2213,2000
2214,1992
2215,1999
2216,1993
2217,2001
2218,1999
2219,2000
2220,1996
2221,1973
2222,2000
2223,1997
2224,1992
2225,1972
2226,2003
2227,1994
2228,2003
2229,1988
2230,2004
2231,1985
2232,1988
2233,2002
2234,2003
2235,2004
2236,1996
2237,1998
2238,1970
2239,1979
2240,1997
2241,2000
2242,1966
2243,1996
2244,2004
2245,2003
2246,2003
2247,1973
2248,1952
2249,1990
2250,2001
2251,1990
2252,1992
2253,1970
2254,2003
2255,1991
2256,2002
2257,1967
2258,1997
2259,2005
2260,1961
2261,2001
2262,2002
2263,1987
2264,2000
2265,2000
2266,1985
2267,1995
2268,2002
2269,2003
2270,2004
2271,1998
2272,2000
2273,2002
2274,2001
2275,2001
2276,1998
2277,1993
2278,1977
2279,2002
2280,1976
2281,1999
2282,2005
2283,1988
2284,1985
2285,1996
2286,1980
2287,1988
2288,1993
2289,1999
2290,1992
2291,2004
2292,1941
2293,2001
2294,1976
2295,2004
2296,2002
2297,1936
2298,2000
2299,1941
2300,1975
2301,1988
2302,1995
2303,1992
2304,1989
2305,2005
2306,1991
2307,2003
2308,2000
2309,1973
2310,1943
2311,1941
2312,2001
2313,1983
2314,1956
2315,1999
2316,1983
2317,2001
2318,1996
2319,2003
2320,2001
2321,2004
2322,1987
2323,2003
2324,2002
2325,1943
2326,2002
2327,2001
2328,2002
2329,2004
2330,1999
2331,1997
2332,1973
2333,1995
2334,1981
2335,1951
2336,2004
2337,1997
2338,2001
2339,2001
2340,1990
2341,2001
2342,2004
2343,1996
2344,2000
2345,1978
2346,1992
2347,2000
2348,1976
2349,2004
2350,1993
2351,2003
2352,1986
2353,2004
2354,2005
2355,1927
2356,2000
2357,1997
2358,1966
2359,1981
2360,1952
2361,2002
2362,1994
2363,2002
2364,2002
2365,1976
2366,2001
2367,2003
2368,2001
2369,1927
2370,2001
2371,1955
2372,2004
2373,1970
2374,2000
2375,1989
2376,2000
2377,1983
2378,1957
2379,1956
2380,1991
2381,1970
2382,2001
2383,2000
2384,1999
2385,1999
2386,2002
2387,2001
2388,1995
2389,1992
2390,1982
2391,2004
2392,2004
2393,1980
2394,1998
2395,1996
2396,1997
2397,2004
2398,1995
2399,1994
2400,1992
2401,2000
2402,1988
2403,1997
2404,1991
2405,2003
2406,1994
2407,1996
2408,1936
2409,1976
2410,1998
2411,2004
2412,2004
2413,1995
2414,2000
2415,1991
2416,1974
2417,2001
2418,1960
2419,2004
2420,2001
2421,2004
2422,2004
2423,2000
2424,2004
2425,1998
2426,2004
2427,1983
2428,1990
2429,1997
2430,1979
2431,2000
2432,2003
2433,2000
2434,2003
2435,1986
2436,1993
2437,1975
2438,1998
2439,2005
2440,1976
2441,2001
2442,1972
2443,1992
2444,1970
2445,2002
2446,1964
2447,2003
2448,1991
2449,1939
2450,1975
2451,2004
2452,2001
2453,2001
2454,2002
2455,1995
2456,1964
2457,2004
2458,1985
2459,1967
2460,1983
2461,2000
2462,1987
2463,2004
2464,1999
2465,1984
2466,1991
2467,2001
2468,1962
2469,2001
2470,1992
2471,1983
2472,1998
2473,1983
2474,2002
2475,1993
2476,1962
2477,2004
2478,1968
2479,1995
2480,1957
2481,2004
2482,1994
2483,1983
2484,2000
2485,2002
2486,2005
2487,2000
2488,1991
2489,1988
2490,1999
2491,2002
2492,1999
2493,1998
2494,2004
2495,2001
2496,1999
2497,1992
2498,1973
2499,2001
2500,1999
2501,1994
2502,1982
2503,1994
2504,1992
2505,1962
2506,1990
2507,1995
2508,2000
2509,1966
2510,1999
2511,1956
2512,1996
2513,1998
2514,1999
2515,1994
2516,1990
2517,2004
2518,1995
2519,2004
2520,1990
2521,1988
2522,2001
2523,1996
2524,2001
2525,1942
2526,1998
2527,2001
2528,1990
2529,1965
2530,1956
2531,2001
2532,1999
2533,1995
2534,1997
2535,2002
2536,1989
2537,2005
2538,2002
2539,1962
2540,2003
2541,2003
2542,1968
2543,2004
2544,2003
2545,1978
2546,1995
2547,1998
2548,2000
2549,2000
2550,1997
2551,1999
2552,1984
2553,1995
2554,1975
2555,2003
2556,2004
2557,1962
2558,2002
2559,1993
2560,2004
2561,2001
2562,1999
2563,1978
2564,2004
2565,1998
2566,1999
2567,2002
2568,2004
2569,2002
2570,1957
2571,2002
2572,2005
2573,1996
2574,2002
2575,2004
2576,2000
2577,1995
2578,2001
2579,1969
2580,2003
2581,1999
2582,2001
2583,1999
2584,1932
2585,1994
2586,2000
2587,1967
2588,2000
2589,2002
2590,1992
2591,2003
2592,2002
2593,1937
2594,1989
2595,1993
2596,1999
2597,1963
2598,2005
2599,1959
2600,2000
2601,1978
2602,1984
2603,1996
2604,2000
2605,1998
2606,1965
2607,1996
2608,2003
2609,2004
2610,1985
2611,1985
2612,2001
2613,1990
2614,2001
2615,1958
2616,1991
2617,2002
2618,2003
2619,2002
2620,1956
2621,1958
2622,1985
2623,1997
2624,1998
2625,2002
2626,2002
2627,2000
2628,1999
2629,1998
2630,1998
2631,1967
2632,1972
2633,2001
2634,2004
2635,2004
2636,1997
2637,1998
2638,2000
2639,1999
2640,1997
2641,1977
2642,2001
2643,2004
2644,1924
2645,1969
2646,1999
2647,1973
2648,1994
2649,1996
2650,1964
2651,1992
2652,1999
2653,1964
2654,2001
2655,1997
2656,1996
2657,1963
2658,2000
2659,2000
2660,1989
2661,1989
2662,1982
2663,2000
2664,1998
2665,1998
2666,1957
2667,1971
2668,2001
2669,2000
2670,1998
2671,1978
2672,2004
2673,1980
2674,1964
2675,2002
2676,1990
2677,1961
2678,1996
2679,2002
2680,2002
2681,2001
2682,2005
2683,1979
2684,1999
2685,1986
2686,1999
2687,2002
2688,1994
2689,2002
2690,2000
2691,2003
2692,2000
2693,1965
2694,2001
2695,1998
2696,1950
2697,2005
2698,1976
2699,2003
2700,2005
2701,1955
2702,1995
2703,1999
2704,1962
2705,2001
2706,1981
2707,1974
2708,1999
2709,1988
2710,2004
2711,1998
2712,1984
2713,1953
2714,1953
2715,1999
2716,1993
2717,1998
2718,2002
2719,1996
2720,1992
2721,1983
2722,2001
2723,2004
2724,1995
2725,2005
2726,2000
2727,1985
2728,1981
2729,1954
2730,2003
2731,1995
2732,2001
2733,1994
2734,2001
2735,1954
2736,1998
2737,1981
2738,1993
2739,1998
2740,1991
2741,2000
2742,2004
2743,2002
2744,2001
2745,2005
2746,1999
2747,1997
2748,1980
2749,1999
2750,1963
2751,1991
2752,2005
2753,1965
2754,2002
2755,1974
2756,1992
2757,1986
2758,1997
2759,2004
2760,1992
2761,1999
2762,2004
2763,1985
2764,1990
2765,1951
2766,2001
2767,1944
2768,2002
2769,2003
2770,2000
2771,1984
2772,1968
2773,1973
2774,1979
2775,2002
2776,2000
2777,1998
2778,1974
2779,2003
2780,1998
2781,2003
2782,1995
2783,1993
2784,1972
2785,2003
2786,2000
2787,2003
2788,2005
2789,1976
2790,1997
2791,1999
2792,1975
2793,2003
2794,1957
2795,2001
2796,1934
2797,2003
2798,1969
2799,2005
2800,2001
2801,2002
2802,2000
2803,1995
2804,1999
2805,2005
2806,2000
2807,1998
2808,1959
2809,2005
2810,2000
2811,1990
2812,2000
2813,2004
2814,2002
2815,1991
2816,1986
2817,2000
2818,1986
2819,1998
2820,1988
2821,1985
2822,2003
2823,1985
2824,2003
2825,2001
2826,1996
2827,1988
2828,1999
2829,1970
2830,2005
2831,1958
2832,2001
2833,2004
2834,1961
2835,2001
2836,2002
2837,1989
2838,1999
2839,2004
2840,1977
2841,1976
2842,1985
2843,2005
2844,2003
2845,2003
2846,1999
2847,1920
2848,1961
2849,1974
2850,2004
2851,1993
2852,1940
2853,1982
2854,1989
2855,1994
2856,2004
2857,1965
2858,2000
2859,1970
2860,2000
2861,1996
2862,1991
2863,2003
2864,1990
2865,1944
2866,1999
2867,1998
2868,1987
2869,2001
2870,2000
2871,2003
2872,1998
2873,1972
2874,2003
2875,1966
2876,1997
2877,2001
2878,2002
2879,2004
2880,1975
2881,2002
2882,1988
2883,1991
2884,1999
2885,2001
2886,1987
2887,1972
2888,2000
2889,1997
2890,1959
2891,2000
2892,2003
2893,1927
2894,1992
2895,2005
2896,1980
2897,1990
2898,1958
2899,2004
2900,1970
2901,2004
2902,1998
2903,1952
2904,1990
2905,1998
2906,2000
2907,1961
2908,1994
2909,1994
2910,1962
2911,1997
2912,2003
2913,2004
2914,2000
2915,1989
2916,1994
2917,2002
2918,2003
2919,2004
2920,1987
2921,1980
2922,1989
2923,1992
2924,2001
2925,2002
2926,1975
2927,1998
2928,2000
2929,2003
2930,1938
2931,2000
2932,1993
2933,2000
2934,2004
2935,1965
2936,1963
2937,1987
2938,1994
2939,2004
2940,1999
2941,1932
2942,1999
2943,1999
2944,1994
2945,1979
2946,2004
2947,2005
2948,1998
2949,1998
2950,1957
2951,1996
2952,1986
2953,1987
2954,1982
2955,1991
2956,1995
2957,2001
2958,2002
2959,1991
2960,2004
2961,1999
2962,1973
2963,1983
2964,1982
2965,1957
2966,2002
2967,1993
2968,1996
2969,1998
2970,2004
2971,1996
2972,2002
2973,1988
2974,2004
2975,1977
2976,2004
2977,2002
2978,1981
2979,2003
2980,1951
2981,2000
2982,2002
2983,2004
2984,2002
2985,1998
2986,1992
2987,2004
2988,2000
2989,1951
2990,2004
2991,2005
2992,2003
2993,2002
2994,1946
2995,1997
2996,2002
2997,1955
2998,1986
2999,2003
3000,1989
3001,2003
3002,1981
3003,1951
3004,2000
3005,1992
3006,2004
3007,2000
3008,1988
3009,1968
3010,1998
3011,2001
3012,2001
3013,1973
3014,1986
3015,2004
3016,2003
3017,1985
3018,2004
3019,1990
3020,1965
3021,2003
3022,1958
3023,1973
3024,2001
3025,2000
3026,1981
3027,1973
3028,2000
3029,1998
3030,2001
3031,1996
3032,1938
3033,2005
3034,1970
3035,1989
3036,2003
3037,1999
3038,1992
3039,1967
3040,1968
3041,2000
3042,1994
3043,1995
3044,2003
3045,1997
3046,1990
3047,1989
3048,1990
3049,1976
3050,1997
3051,2000
3052,1992
3053,2003
3054,2003
3055,2001
3056,1983
3057,2004
3058,1979
3059,1989
3060,2002
3061,1999
3062,1971
3063,2004
3064,2003
3065,1977
3066,1948
3067,2004
3068,1999
3069,2005
3070,1936
3071,1973
3072,1992
3073,1997
3074,2004
3075,2002
3076,1998
3077,1997
3078,1994
3079,1994
3080,1966
3081,1972
3082,1985
3083,1978
3084,1975
3085,2000
3086,1994
3087,1995
3088,1985
3089,1981
3090,1985
3091,2000
3092,2004
3093,1968
3094,2001
3095,1984
3096,2000
3097,2001
3098,1990
3099,2005
3100,1992
3101,1997
3102,1978
3103,1974
3104,2001
3105,1975
3106,1990
3107,1999
3108,1995
3109,1987
3110,1998
3111,2000
3112,2004
3113,1997
3114,1969
3115,2001
3116,1987
3117,1989
3118,2001
3119,1997
3120,1955
3121,1943
3122,2000
3123,2004
3124,1953
3125,2003
3126,2000
3127,1995
3128,1984
3129,1974
3130,2004
3131,1981
3132,1998
3133,1999
3134,1999
3135,1991
3136,1970
3137,1915
3138,2004
3139,1962
3140,1980
3141,1997
3142,2005
3143,2004
3144,1957
3145,1993
3146,2000
3147,1964
3148,1996
3149,2003
3150,2000
3151,2004
3152,2003
3153,1965
3154,2002
3155,1965
3156,1970
3157,1964
3158,1934
3159,1983
3160,2000
3161,2001
3162,2004
3163,1980
3164,1937
3165,1988
3166,1945
3167,2004
3168,1987
3169,1994
3170,2002
3171,2001
3172,1982
3173,1978
3174,2002
3175,2000
3176,1986
3177,1992
3178,2003
3179,1993
3180,2005
3181,2000
3182,1997
3183,1998
3184,1985
3185,2001
3186,1996
3187,1984
3188,1973
3189,1998
3190,1993
3191,2000
3192,1991
3193,2000
3194,2003
3195,1998
3196,1997
3197,2004
3198,1991
3199,1998
3200,1973
3201,2001
3202,1993
3203,1994
3204,2003
3205,1990
3206,2000
3207,1942
3208,2000
3209,2002
3210,1998
3211,1995
3212,1996
3213,2000
3214,2004
3215,1999
3216,1986
3217,1991
3218,1990
3219,2000
3220,2001
3221,1999
3222,1994
3223,1929
3224,1930
3225,1987
3226,1938
3227,1989
3228,1990
3229,2002
3230,1951
3231,1994
3232,1976
3233,1994
3234,2004
3235,1979
3236,1989
3237,1996
3238,2000
3239,2001
3240,1952
3241,1999
3242,1998
3243,2000
3244,2003
3245,1972
3246,2004
3247,2005
3248,1946
3249,2000
3250,2003
3251,2004
3252,1990
3253,1998
3254,2003
3255,1999
3256,2003
3257,1990
3258,2002
3259,1959
3260,1928
3261,2000
3262,1997
3263,2004
3264,1993
3265,1990
3266,1961
3267,1994
3268,1988
3269,1962
3270,1993
3271,2004
3272,1988
3273,1984
3274,1998
3275,2002
3276,1987
3277,2003
3278,1993
3279,1967
3280,2003
3281,2002
3282,2004
3283,1994
3284,1998
3285,1986
3286,2003
3287,2003
3288,1978
3289,2001
3290,1974
3291,2004
3292,1956
3293,2002
3294,2001
3295,1988
3296,2004
3297,2000
3298,2000
3299,1991
3300,1993
3301,1994
3302,1989
3303,1992
3304,1970
3305,1963
3306,1990
3307,2003
3308,1997
3309,2001
3310,1984
3311,2002
3312,2001
3313,1999
3314,1989
3315,1941
3316,2002
3317,1983
3318,1991
3319,1990
3320,2002
3321,1999
3322,1959
3323,2003
3324,2000
3325,1998
3326,1996
3327,1998
3328,2001
3329,1991
3330,2002
3331,1971
3332,1997
3333,2004
3334,1999
3335,1990
3336,2000
3337,2004
3338,2004
3339,1950
3340,2004
3341,1975
3342,1973
3343,1999
3344,1998
3345,2004
3346,1942
3347,2003
3348,2001
3349,1991
3350,2000
3351,1987
3352,2001
3353,1999
3354,1991
3355,1997
3356,1940
3357,2002
3358,1983
3359,2005
3360,1946
3361,2002
3362,2003
3363,1995
3364,1998
3365,1996
3366,1945
3367,2001
3368,2000
3369,1939
3370,1991
3371,2003
3372,1996
3373,1948
3374,2000
3375,1987
3376,1958
3377,2004
3378,1999
3379,1995
3380,2000
3381,1988
3382,1999
3383,1963
3384,1986
3385,2002
3386,2000
3387,1916
3388,2000
3389,1972
3390,1995
3391,2003
3392,1973
3393,1979
3394,1989
3395,2005
3396,1995
3397,1985
3398,1979
3399,1970
3400,1953
3401,1987
3402,1978
3403,1960
3404,2000
3405,2002
3406,2002
3407,1989
3408,1998
3409,1998
3410,2001
3411,2004
3412,2003
3413,1961
3414,1995
3415,2003
3416,1987
3417,1974
3418,1993
3419,1935
3420,1992
3421,1982
3422,2001
3423,1968
3424,2001
3425,1990
3426,1938
3427,2002
3428,2004
3429,1996
3430,2005
3431,2001
3432,1964
3433,1992
3434,2002
3435,2000
3436,1976
3437,1994
3438,1997
3439,1986
3440,1970
3441,2005
3442,2002
3443,1976
3444,2004
3445,2002
3446,2002
3447,1997
3448,1969
3449,2003
3450,2003
3451,1990
3452,2004
3453,1934
3454,2004
3455,2002
3456,2004
3457,1920
3458,1994
3459,2000
3460,1978
3461,2001
3462,2002
3463,1999
3464,2004
3465,1965
3466,2001
3467,1990
3468,1997
3469,1955
3470,1978
3471,1964
3472,2000
3473,1965
3474,1982
3475,1999
3476,2002
3477,1997
3478,1993
3479,2002
3480,1990
3481,1999
3482,2001
3483,1999
3484,1999
3485,1978
3486,1999
3487,1963
3488,2002
3489,1981
3490,1997
3491,2001
3492,1993
3493,1987
3494,1949
3495,1993
3496,1998
3497,1979
3498,1963
3499,1998
3500,2000
3501,2000
3502,2001
3503,1991
3504,1986
3505,2001
3506,2002
3507,1993
3508,1990
3509,2002
3510,1996
3511,1998
3512,1998
3513,1963
3514,1998
3515,1991
3516,2004
3517,1995
3518,2000
3519,1997
3520,2003
3521,2000
3522,2002
3523,1992
3524,1994
3525,2001
3526,1981
3527,1952
3528,1995
3529,1999
3530,1962
3531,2002
3532,1993
3533,2003
3534,1971
3535,1986
3536,1970
3537,1975
3538,1988
3539,2003
3540,1989
3541,1981
3542,1996
3543,1999
3544,1968
3545,2003
3546,1967
3547,2005
3548,2001
3549,1963
3550,2000
3551,1977
3552,1998
3553,1959
3554,1924
3555,2004
3556,2005
3557,2000
3558,2000
3559,2003
3560,1992
3561,2001
3562,1962
3563,1989
3564,1998
3565,2004
3566,1993
3567,2004
3568,1985
3569,1964
3570,2003
3571,1999
3572,2001
3573,1993
3574,1964
3575,2005
3576,1991
3577,1999
3578,2005
3579,2003
3580,1985
3581,1999
3582,1941
3583,1994
3584,1984
3585,2002
3586,1982
3587,1955
3588,1967
3589,1999
3590,1963
3591,2003
3592,2001
3593,1988
3594,1990
3595,1988
3596,1999
3597,1994
3598,1972
3599,1971
3600,1997
3601,1958
3602,2003
3603,2005
3604,1997
3605,1939
3606,2000
3607,2000
3608,1998
3609,1987
3610,1992
3611,2000
3612,1988
3613,1995
3614,1988
3615,1946
3616,2003
3617,1992
3618,1998
3619,1998
3620,1995
3621,2003
3622,1993
3623,2002
3624,2003
3625,1983
3626,2002
3627,2003
3628,2002
3629,1997
3630,1995
3631,1993
3632,1996
3633,2003
3634,1988
3635,1994
3636,2005
3637,1996
3638,2003
3639,1944
3640,2003
3641,2004
3642,2001
3643,2002
3644,1979
3645,1986
3646,2004
3647,1987
3648,1988
3649,1965
3650,1983
3651,1972
3652,2002
3653,1989
3654,1985
3655,2002
3656,2005
3657,1999
3658,1988
3659,1968
3660,1977
3661,2002
3662,1994
3663,2002
3664,1981
3665,1999
3666,2003
3667,1986
3668,2000
3669,2003
3670,1992
3671,2004
3672,1985
3673,1998
3674,1998
3675,2002
3676,1995
3677,2000
3678,2000
3679,2002
3680,1995
3681,1997
3682,1998
3683,2001
3684,1964
3685,2000
3686,2001
3687,2005
3688,2001
3689,2005
3690,2003
3691,1987
3692,1926
3693,1965
3694,1980
3695,1996
3696,1998
3697,2002
3698,1970
3699,1977
3700,2002
3701,1944
3702,2004
3703,2003
3704,2000
3705,2000
3706,2003
3707,1993
3708,1988
3709,1998
3710,1987
3711,1975
3712,2000
3713,2004
3714,2005
3715,1985
3716,1988
3717,1944
3718,2000
3719,1941
3720,1988
3721,1996
3722,1999
3723,1998
3724,2002
3725,1988
3726,1999
3727,1987
3728,1993
3729,2000
3730,1998
3731,1999
3732,2004
3733,1963
3734,1999
3735,2004
3736,1968
3737,2003
3738,1998
3739,1991
3740,1931
3741,2000
3742,1946
3743,2000
3744,2000
3745,2001
3746,2003
3747,1995
3748,2004
3749,2002
3750,2004
3751,2001
3752,1969
3753,2003
3754,2001
3755,1994
3756,2002
3757,1945
3758,2000
3759,2004
3760,1997
3761,1999
3762,1995
3763,1992
3764,1989
3765,1980
3766,1988
3767,1999
3768,1997
3769,2004
3770,2005
3771,1974
3772,1999
3773,1942
3774,2000
3775,1978
3776,2002
3777,1990
3778,2003
3779,1970
3780,1999
3781,1981
3782,1990
3783,1988
3784,1996
3785,1981
3786,2000
3787,2002
3788,2000
3789,1997
3790,1921
3791,1972
3792,2002
3793,2001
3794,2000
3795,1976
3796,1992
3797,1962
3798,1973
3799,1988
3800,2004
3801,1975
3802,1984
3803,1993
3804,1983
3805,2002
3806,1991
3807,2001
3808,1997
3809,1986
3810,2004
3811,1987
3812,1993
3813,2002
3814,1991
3815,2000
3816,1986
3817,1994
3818,2001
3819,1966
3820,2002
3821,2001
3822,2004
3823,1921
3824,1998
3825,2002
3826,1999
3827,2004
3828,2004
3829,2002
3830,1998
3831,1959
3832,1993
3833,1939
3834,2004
3835,1992
3836,2001
3837,2001
3838,2000
3839,2003
3840,1982
3841,1996
3842,1976
3843,1993
3844,2003
3845,2005
3846,2004
3847,1997
3848,1934
3849,1987
3850,2000
3851,1992
3852,1995
3853,1988
3854,1955
3855,1920
3856,2002
3857,1972
3858,2001
3859,1991
3860,2003
3861,2001
3862,1987
3863,2000
3864,2005
3865,1991
3866,1985
3867,2001
3868,1934
3869,1991
3870,1998
3871,1970
3872,1996
3873,2003
3874,2002
3875,2004
3876,2004
3877,1996
3878,2001
3879,1995
3880,1966
3881,2004
3882,1999
3883,1997
3884,1954
3885,1932
3886,1997
3887,1972
3888,1994
3889,2005
3890,2004
3891,2002
3892,1984
3893,1996
3894,2004
3895,1956
3896,1984
3897,2003
3898,1958
3899,1996
3900,2000
3901,1997
3902,1957
3903,1994
3904,1998
3905,2001
3906,1925
3907,1998
3908,1928
3909,1993
3910,2003
3911,1982
3912,1996
3913,1968
3914,1979
3915,1984
3916,2003
3917,2004
3918,1966
3919,2004
3920,1998
3921,2003
3922,1979
3923,1997
3924,1970
3925,2003
3926,2003
3927,2002
3928,2004
3929,1962
3930,2000
3931,1990
3932,1996
3933,2001
3934,2002
3935,1968
3936,1999
3937,1974
3938,2004
3939,2001
3940,1981
3941,1975
3942,1988
3943,1998
3944,2000
3945,1995
3946,2001
3947,2003
3948,2000
3949,1991
3950,2004
3951,1997
3952,2004
3953,1973
3954,1952
3955,1959
3956,1997
3957,1994
3958,2003
3959,1997
3960,1960
3961,2001
3962,2003
3963,1955
3964,1996
3965,1992
3966,2004
3967,1970
3968,2001
3969,1982
3970,1981
3971,2003
3972,1984
3973,1983
3974,1953
3975,1991
3976,2000
3977,2003
3978,2003
3979,1999
3980,2004
3981,2003
3982,2000
3983,2003
3984,1959
3985,2002
3986,2001
3987,1939
3988,1998
3989,2004
3990,1991
3991,2005
3992,1999
3993,1961
3994,2004
3995,1995
3996,1999
3997,1983
3998,1988
3999,2001
4000,2002
4001,1939
4002,2004
4003,1999
4004,1930
4005,1993
4006,2003
4007,1989
4008,2002
4009,1999
4010,1963
4011,1982
4012,1999
4013,1993
4014,2001
4015,2001
4016,1997
4017,1994
4018,1965
4019,1996
4020,1999
4021,2000
4022,1995
4023,2003
4024,1995
4025,1968
4026,1993
4027,1988
4028,2004
4029,1952
4030,1961
4031,1995
4032,1992
4033,2005
4034,1997
4035,2004
4036,1997
4037,2003
4038,1982
4039,1974
4040,1993
4041,2004
4042,1978
4043,2002
4044,1998
4045,2003
4046,1988
4047,2000
4048,2003
4049,1988
4050,1997
4051,1971
4052,2001
4053,2004
4054,1990
4055,1984
4056,2001
4057,2000
4058,1952
4059,1976
4060,1990
4061,1964
4062,1997
4063,2005
4064,1998
4065,1998
4066,1974
4067,1976
4068,2004
4069,1983
4070,1981
4071,1973
4072,1979
4073,1966
4074,1971
4075,2003
4076,1997
4077,1998
4078,2003
4079,2003
4080,2003
4081,1980
4082,1999
4083,1996
4084,1991
4085,1958
4086,1994
4087,2002
4088,1999
4089,1987
4090,1995
4091,1993
4092,1997
4093,2004
4094,1985
4095,2004
4096,2002
4097,1983
4098,2002
4099,2000
4100,2000
4101,1983
4102,1983
4103,1983
4104,1945
4105,2002
4106,2001
4107,1938
4108,1960
4109,2000
4110,1945
4111,1998
4112,1996
4113,1999
4114,1983
4115,1999
4116,1946
4117,1988
4118,2002
4119,1990
4120,1991
4121,2001
4122,1986
4123,1998
4124,1975
4125,1999
4126,1996
4127,1994
4128,1930
4129,1970
4130,2005
4131,1990
4132,2003
4133,1955
4134,2000
4135,1956
4136,1993
4137,1967
4138,2002
4139,2002
4140,1977
4141,2000
4142,2003
4143,1999
4144,2001
4145,1999
4146,1951
4147,1988
4148,1955
4149,2004
4150,2000
4151,1974
4152,1999
4153,1981
4154,1995
4155,2000
4156,1973
4157,1991
4158,1986
4159,2002
4160,1996
4161,1997
4162,2000
4163,1963
4164,1986
4165,2003
4166,1987
4167,2002
4168,1995
4169,2003
4170,2001
4171,1996
4172,2000
4173,1998
4174,1994
4175,1998
4176,2001
4177,1988
4178,2003
4179,1951
4180,2002
4181,2003
4182,2001
4183,1997
4184,1985
4185,1989
4186,2003
4187,1984
4188,1917
4189,2004
4190,2003
4191,2004
4192,1993
4193,2000
4194,2004
4195,1986
4196,2002
4197,2003
4198,1997
4199,1995
4200,1999
4201,1996
4202,2004
4203,2004
4204,1999
4205,2004
4206,2001
4207,1980
4208,1993
4209,2003
4210,2002
4211,2003
4212,1999
4213,2001
4214,1996
4215,1932
4216,2001
4217,1965
4218,1988
4219,1995
4220,1998
4221,1982
4222,1997
4223,1983
4224,1996
4225,1999
4226,2000
4227,1997
4228,1981
4229,2001
4230,1996
4231,1985
4232,2002
4233,1982
4234,1989
4235,1934
4236,1998
4237,2002
4238,2000
4239,1973
4240,1966
4241,1994
4242,1954
4243,1995
4244,1977
4245,2002
4246,2000
4247,1998
4248,1981
4249,1925
4250,2004
4251,1990
4252,1997
4253,1949
4254,1993
4255,2002
4256,1984
4257,1996
4258,1962
4259,1992
4260,2001
4261,1983
4262,1999
4263,2000
4264,1951
4265,2002
4266,2004
4267,2001
4268,1993
4269,2002
4270,1990
4271,1996
4272,1997
4273,2002
4274,1997
4275,1992
4276,1995
4277,2004
4278,1995
4279,1978
4280,1970
4281,1986
4282,2001
4283,1979
4284,1954
4285,1996
4286,1934
4287,2002
4288,1989
4289,1985
4290,2003
4291,1981
4292,1972
4293,1983
4294,2004
4295,2000
4296,1971
4297,1998
4298,1985
4299,1982
4300,1989
4301,1925
4302,1982
4303,2004
4304,1981
4305,1944
4306,1999
4307,2004
4308,1999
4309,1963
4310,1998
4311,2001
4312,2003
4313,2001
4314,2002
4315,2004
4316,1980
4317,1963
4318,1999
4319,2000
4320,1966
4321,1990
4322,1998
4323,1997
4324,2003
4325,1979
4326,1995
4327,1992
4328,1972
4329,1977
4330,1995
4331,2003
4332,1996
4333,1979
4334,1998
4335,2004
4336,2001
4337,1998
4338,2003
4339,2000
4340,2000
4341,2002
4342,1992
4343,1952
4344,2005
4345,2002
4346,1982
4347,1998
4348,2002
4349,1945
4350,1972
4351,1988
4352,2000
4353,2002
4354,1997
4355,2003
4356,2002
4357,1995
4358,2003
4359,2000
4360,1996
4361,1999
4362,1989
4363,2001
4364,1976
4365,1973
4366,2000
4367,1997
4368,1994
4369,1981
4370,2000
4371,1989
4372,2001
4373,2005
4374,1998
4375,2003
4376,2002
4377,2001
4378,1993
4379,1999
4380,1993
4381,1996
4382,1979
4383,2004
4384,2004
4385,1994
4386,1985
4387,2005
4388,2005
4389,2003
4390,2000
4391,1999
4392,1993
4393,1994
4394,2001
4395,2004
4396,1998
4397,2002
4398,2003
4399,1998
4400,2005
4401,1974
4402,1984
4403,2000
4404,1999
4405,1991
4406,1970
4407,1993
4408,2002
4409,2002
4410,2004
4411,2003
4412,1970
4413,1984
4414,2002
4415,2000
4416,1933
4417,2005
4418,2000
4419,1950
4420,2004
4421,1999
4422,1997
4423,2000
4424,1992
4425,1985
4426,2000
4427,2001
4428,1979
4429,2002
4430,1996
4431,2005
4432,2003
4433,2004
4434,1981
4435,1988
4436,2003
4437,1998
4438,1990
4439,1999
4440,1994
4441,1996
4442,2000
4443,1989
4444,2000
4445,2004
4446,2000
4447,2003
4448,1952
4449,2002
4450,1987
4451,2004
4452,2001
4453,1997
4454,1944
4455,1999
4456,1997
4457,1995
4458,2002
4459,1977
4460,2000
4461,2002
4462,1997
4463,2000
4464,2000
4465,1998
4466,1987
4467,2000
4468,1998
4469,2002
4470,2004
4471,1997
4472,2003
4473,2002
4474,1998
4475,1993
4476,1997
4477,1934
4478,1993
4479,1980
4480,2002
4481,1996
4482,2000
4483,2000
4484,2000
4485,1953
4486,1982
4487,2002
4488,2000
4489,1961
4490,2004
4491,1997
4492,2004
4493,2003
4494,1997
4495,2002
4496,1993
4497,1990
4498,2000
4499,2002
